organization_id,organization_name,profile_version,service_family_id,service_family,capability_id,capability_name,capability_description,delivery_modes,target_sectors,lifecycle_stages,positive_keywords,strong_match_phrases,exclusion_keywords,related_roles,methods_technologies,default_priority,source_basis,source_url,confidence,active,notes
ICMSOL,"Integrated Consulting and Management Solutions, LLC",1.0.0,SF01,IT Strategy Consulting,ICM-ITS-001,IT Strategic Planning,Align technology investments and initiatives with business objectives and measurable outcomes.,Advisory;Assessment;Roadmap Development,State government;Local government;Public sector;Private sector;Healthcare and insurance;Defense;Technology consulting partners,Discovery;Current-State Assessment;Strategy;Roadmap,IT strategy;technology strategy;strategic technology planning;IT operating model;technology investment;business technology alignment,IT strategic plan;technology strategy roadmap;align IT with business goals;enterprise technology strategy,construction strategy only;real estate strategy;marketing strategy only;consumer electronics retail only,IT Strategist;Technology Advisor;Enterprise Architect;Business Architect,Stakeholder interviews;business-objective alignment;capability assessment;prioritization;roadmapping,High,Official ICM service page; official ICM about page,https://icmsol.com/it-strategy-consulting,High,TRUE,
ICMSOL,"Integrated Consulting and Management Solutions, LLC",1.0.0,SF01,IT Strategy Consulting,ICM-ITS-002,Current-State IT Assessment,"Assess applications, infrastructure, processes, cloud, cybersecurity, data, analytics, and technology alignment to identify strengths and gaps.",Assessment;Advisory,State government;Local government;Public sector;Private sector;Healthcare and insurance;Defense;Technology consulting partners,Discovery;Current-State Assessment,IT assessment;current state assessment;technology assessment;application portfolio assessment;infrastructure assessment;IT landscape,assess current IT environment;current-state technology assessment;IT landscape assessment,construction strategy only;real estate strategy;marketing strategy only;consumer electronics retail only,IT Strategist;Enterprise Architect;Cloud Architect;Security Advisor;Data Architect,Application inventory;infrastructure review;cloud assessment;cybersecurity posture review;data and analytics assessment,High,Official ICM service page,https://icmsol.com/it-strategy-consulting,High,TRUE,
ICMSOL,"Integrated Consulting and Management Solutions, LLC",1.0.0,SF01,IT Strategy Consulting,ICM-ITS-003,Enterprise Architecture,"Develop enterprise and solution architecture direction that connects business capabilities, applications, data, infrastructure, and integration.",Advisory;Architecture;Roadmap Development,State government;Local government;Public sector;Private sector;Healthcare and insurance;Defense;Technology consulting partners,Assessment;Architecture;Strategy;Roadmap,enterprise architecture;business architecture;technology architecture;application architecture;data architecture;target architecture,enterprise architecture roadmap;target-state architecture;business and technology architecture,construction strategy only;real estate strategy;marketing strategy only;consumer electronics retail only,Enterprise Architect;Business Architect;Solution Architect;Data Architect,Enterprise architecture methods;capability mapping;target-state design;architecture principles;transition planning,High,Official ICM service page; official ICM about page,https://icmsol.com/it-strategy-consulting,High,TRUE,
ICMSOL,"Integrated Consulting and Management Solutions, LLC",1.0.0,SF01,IT Strategy Consulting,ICM-ITS-004,Gap and Opportunity Analysis,"Identify technology gaps, inefficiencies, risks, redundancies, and improvement opportunities relative to business goals.",Assessment;Advisory,State government;Local government;Public sector;Private sector;Healthcare and insurance;Defense;Technology consulting partners,Current-State Assessment;Gap Analysis;Prioritization,gap analysis;technology gaps;IT risks;technical debt;process inefficiency;technology opportunity assessment,identify IT gaps;technology gap assessment;IT improvement opportunities,construction strategy only;real estate strategy;marketing strategy only;consumer electronics retail only,IT Strategist;Enterprise Architect;Business Analyst;Risk Advisor,Gap analysis;risk assessment;technical-debt review;capability maturity assessment;opportunity prioritization,High,Official ICM service page,https://icmsol.com/it-strategy-consulting,High,TRUE,
ICMSOL,"Integrated Consulting and Management Solutions, LLC",1.0.0,SF01,IT Strategy Consulting,ICM-ITS-005,Digital Transformation and IT Roadmaps,"Create phased, actionable roadmaps for digital transformation, modernization, adoption, and ongoing technology refinement.",Advisory;Roadmap Development;Transformation Planning,State government;Local government;Public sector;Private sector;Healthcare and insurance;Defense;Technology consulting partners,Strategy;Roadmap;Transformation Planning,digital transformation;IT roadmap;technology roadmap;modernization roadmap;transformation strategy;phased implementation,digital transformation roadmap;phased IT roadmap;technology modernization strategy,construction strategy only;real estate strategy;marketing strategy only;consumer electronics retail only,IT Strategist;Enterprise Architect;Program Manager;Change Manager,Initiative sequencing;dependency mapping;investment prioritization;transition roadmap;benefit alignment,High,Official ICM service page,https://icmsol.com/it-strategy-consulting,High,TRUE,
ICMSOL,"Integrated Consulting and Management Solutions, LLC",1.0.0,SF01,IT Strategy Consulting,ICM-ITS-006,"Cloud, Data, Cybersecurity, and Continuity Strategy","Evaluate and plan cloud, data and analytics, cybersecurity, compliance, risk mitigation, and business-continuity improvements as part of an integrated IT strategy.",Assessment;Advisory;Roadmap Development,State government;Local government;Public sector;Private sector;Healthcare and insurance;Defense;Technology consulting partners,Assessment;Strategy;Risk Planning;Roadmap,cloud strategy;cloud assessment;data strategy;analytics strategy;cybersecurity strategy;business continuity;technology risk;compliance roadmap,cloud and cybersecurity strategy;data and analytics roadmap;business continuity planning,construction strategy only;real estate strategy;marketing strategy only;consumer electronics retail only,Cloud Architect;Security Advisor;Data Architect;IT Strategist;Risk Manager,Cloud readiness;data capability assessment;cybersecurity posture;compliance planning;business continuity,High,Official ICM service page,https://icmsol.com/it-strategy-consulting,High,TRUE,"This row represents strategy and assessment capability, not managed security operations."
ICMSOL,"Integrated Consulting and Management Solutions, LLC",1.0.0,SF02,Custom Development & System Integration,ICM-CDI-001,Requirements Analysis and Functional Design,"Elicit, analyze, document, and validate business and functional requirements for custom applications and integrations.",Advisory;Analysis;Implementation Support,State government;Local government;Public sector;Private sector;Healthcare and insurance;Defense;Technology consulting partners,Discovery;Requirements;Functional Design,requirements gathering;business requirements;functional requirements;requirements analysis;functional design;business analysis,business requirements analysis;functional design;requirements elicitation,website content writing only;graphic design only;hardware installation only;construction engineering,Business Analyst;Business Systems Analyst;Functional Analyst;Product Owner,Stakeholder workshops;process analysis;requirements traceability;use cases;user stories;functional specifications,High,Official ICM custom-development page; official ICM industries page,https://icmsol.com/custom-development,High,TRUE,
ICMSOL,"Integrated Consulting and Management Solutions, LLC",1.0.0,SF02,Custom Development & System Integration,ICM-CDI-002,Technical Assessment and Solution Architecture,"Assess the existing technology environment and design scalable, secure, maintainable solution architecture and integration patterns.",Assessment;Architecture;Advisory,State government;Local government;Public sector;Private sector;Healthcare and insurance;Defense;Technology consulting partners,Technical Assessment;Architecture;Design,technical assessment;solution architecture;system design;technology stack;integration architecture;data flow,solution architecture design;technical architecture assessment;integration design,website content writing only;graphic design only;hardware installation only;construction engineering,Solution Architect;Technical Lead;Enterprise Architect;Integration Architect,Architecture diagrams;technology selection;security and performance design;integration patterns;maintainability planning,High,Official ICM service page,https://icmsol.com/custom-development,High,TRUE,
ICMSOL,"Integrated Consulting and Management Solutions, LLC",1.0.0,SF02,Custom Development & System Integration,ICM-CDI-003,Custom Application Development,"Design and develop tailored applications that support organization-specific workflows, business processes, and customer interactions.",Implementation;Development;Prototype,State government;Local government;Public sector;Private sector;Healthcare and insurance;Defense;Technology consulting partners,Design;Development;Testing;Deployment,custom application;application development;software development;bespoke application;web application;enterprise application,custom application development;build a new application;develop tailored software,website content writing only;graphic design only;hardware installation only;construction engineering,Software Developer;Technical Lead;Solution Architect;Business Analyst;QA Engineer,JavaScript;.NET;Python;SQL;legacy languages;iterative development;code review,High,Official ICM service page,https://icmsol.com/custom-development,High,TRUE,
ICMSOL,"Integrated Consulting and Management Solutions, LLC",1.0.0,SF02,Custom Development & System Integration,ICM-CDI-004,Legacy Modernization,"Modernize, enhance, or connect legacy applications while preserving essential business functions and reducing operational risk.",Assessment;Architecture;Implementation;Modernization,State government;Local government;Public sector;Private sector;Healthcare and insurance;Defense;Technology consulting partners,Assessment;Modernization;Integration;Migration,legacy modernization;legacy system;mainframe modernization;application modernization;technology refresh;legacy integration,modernize legacy applications;legacy system modernization;connect legacy systems,website content writing only;graphic design only;hardware installation only;construction engineering,Solution Architect;Legacy Developer;Integration Engineer;Technical Lead,Legacy analysis;incremental modernization;interface design;data migration;parallel transition,High,Official ICM service page,https://icmsol.com/custom-development,High,TRUE,
ICMSOL,"Integrated Consulting and Management Solutions, LLC",1.0.0,SF02,Custom Development & System Integration,ICM-CDI-005,Systems Integration and API Enablement,"Connect custom, commercial, cloud, on-premises, ERP, CRM, financial, and legacy systems to improve data exchange and workflow continuity.",Architecture;Implementation;Integration,State government;Local government;Public sector;Private sector;Healthcare and insurance;Defense;Technology consulting partners,Design;Development;Integration;Testing,system integration;systems integration;API integration;data exchange;middleware;interface development;ERP integration;CRM integration,integrate disparate systems;API and system integration;connect cloud and legacy systems,website content writing only;graphic design only;hardware installation only;construction engineering,Integration Architect;Integration Engineer;API Developer;Solution Architect;Data Engineer,APIs;middleware;data mapping;interface contracts;ERP;CRM;financial systems;cloud and on-prem integration,High,Official ICM service page,https://icmsol.com/custom-development,High,TRUE,
ICMSOL,"Integrated Consulting and Management Solutions, LLC",1.0.0,SF02,Custom Development & System Integration,ICM-CDI-006,Data Migration and Deployment,"Plan and support data migration, production deployment, environment configuration, access setup, and transition into operational use.",Implementation;Migration;Deployment Support,State government;Local government;Public sector;Private sector;Healthcare and insurance;Defense;Technology consulting partners,Migration;Testing;Deployment;Transition,data migration;system deployment;production deployment;environment configuration;cutover;implementation,migrate data;deploy application to production;production cutover,website content writing only;graphic design only;hardware installation only;construction engineering,Data Engineer;Deployment Engineer;Technical Lead;Project Manager;QA Engineer,Migration planning;data validation;cutover planning;environment setup;access and permissions;deployment runbooks,Medium,Official ICM service page,https://icmsol.com/custom-development,High,TRUE,Final production authorization remains with the client.
ICMSOL,"Integrated Consulting and Management Solutions, LLC",1.0.0,SF02,Custom Development & System Integration,ICM-CDI-007,Application Maintenance and Support,"Provide ongoing technical support, updates, issue resolution, optimization, and enhancements after implementation.",Maintenance;Support;Enhancement,State government;Local government;Public sector;Private sector;Healthcare and insurance;Defense;Technology consulting partners,Operations;Maintenance;Enhancement,application maintenance;application support;production support;software enhancement;technical support;bug fix,ongoing application support;maintenance and enhancements;post-deployment support,website content writing only;graphic design only;hardware installation only;construction engineering,Application Support Engineer;Software Developer;Technical Lead;QA Engineer,Issue triage;patching;enhancement backlog;performance optimization;knowledge transfer,Medium,Official ICM service page,https://icmsol.com/custom-development,High,TRUE,
ICMSOL,"Integrated Consulting and Management Solutions, LLC",1.0.0,SF03,Project Management,ICM-PM-001,Project and Program Management,"Lead complex technology projects and programs from initiation through closure using structured, adaptive delivery methods.",Advisory;Delivery Leadership;Management,State government;Local government;Public sector;Private sector;Healthcare and insurance;Defense;Technology consulting partners,Initiation;Planning;Execution;Monitoring;Closure,project management;program management;technology project;IT project manager;program manager;project delivery,IT project management;technology program management;project delivery leadership,construction project management only;event planning;clinical case management;property management,Project Manager;Program Manager;Delivery Manager;Technical Project Manager,PMBOK;Waterfall;Agile;hybrid delivery;governance;status reporting,High,Official ICM service page; official ICM industries page,https://icmsol.com/project-management,High,TRUE,
ICMSOL,"Integrated Consulting and Management Solutions, LLC",1.0.0,SF03,Project Management,ICM-PM-002,PMO and Governance Support,"Establish or support project-management offices, governance structures, decision forums, standards, and portfolio reporting.",Advisory;PMO Support;Governance,State government;Local government;Public sector;Private sector,Initiation;Planning;Governance;Monitoring,PMO;project management office;program governance;portfolio governance;project standards;governance framework,PMO support;project governance;program management office,construction project management only;event planning;clinical case management;property management,PMO Lead;Program Manager;Portfolio Manager;Project Controls Analyst,Governance charters;decision rights;standards;portfolio reporting;stage gates;templates,High,Official ICM industries page; prior ICM capstone and business context,https://icmsol.com/industries,High,TRUE,
ICMSOL,"Integrated Consulting and Management Solutions, LLC",1.0.0,SF03,Project Management,ICM-PM-003,"Project Planning, Scheduling, Budget, and Resource Management","Develop and maintain integrated plans, schedules, budgets, resource assignments, milestones, and delivery baselines.",Planning;Delivery Management;Project Controls,State government;Local government;Public sector;Private sector;Healthcare and insurance;Defense;Technology consulting partners,Planning;Execution;Monitoring,project plan;schedule management;budget management;resource management;milestone planning;project controls,integrated project schedule;project budget and resources;project planning and controls,construction project management only;event planning;clinical case management;property management,Project Manager;Project Scheduler;Project Controls Analyst;Program Manager,Work breakdown structures;critical path;schedule baselines;budget tracking;resource planning,High,Official ICM service page,https://icmsol.com/project-management,High,TRUE,
ICMSOL,"Integrated Consulting and Management Solutions, LLC",1.0.0,SF03,Project Management,ICM-PM-004,"Risk, Issue, Dependency, and Change Control","Identify, analyze, track, escalate, and manage project risks, issues, dependencies, decisions, and controlled changes.",Advisory;Delivery Management;Project Controls,State government;Local government;Public sector;Private sector;Healthcare and insurance;Defense;Technology consulting partners,Planning;Execution;Monitoring;Control,risk management;issue management;dependency management;change control;RAID log;decision log,project risk and issue management;integrated RAID management;change-control process,construction project management only;event planning;clinical case management;property management,Project Manager;Program Manager;Risk Manager;Project Controls Analyst,RAID logs;probability-impact assessment;escalation;change requests;decision tracking,High,Official ICM service page; prior ICM capstone and business context,https://icmsol.com/project-management,High,TRUE,
ICMSOL,"Integrated Consulting and Management Solutions, LLC",1.0.0,SF03,Project Management,ICM-PM-005,Stakeholder Communication and Executive Reporting,"Coordinate stakeholders and provide clear progress, risk, financial, schedule, and decision reporting.",Advisory;Delivery Management;Reporting,State government;Local government;Public sector;Private sector;Healthcare and insurance;Defense;Technology consulting partners,Initiation;Execution;Monitoring;Closure,stakeholder management;executive reporting;status report;governance meeting;project communication;steering committee,executive status reporting;stakeholder communication plan;steering committee support,construction project management only;event planning;clinical case management;property management,Project Manager;Program Manager;PMO Analyst;Communications Lead,Status dashboards;executive briefings;meeting facilitation;decision tracking;communications planning,High,Official ICM service page,https://icmsol.com/project-management,High,TRUE,
ICMSOL,"Integrated Consulting and Management Solutions, LLC",1.0.0,SF03,Project Management,ICM-PM-006,"Waterfall, Agile, Hybrid, and Client-Specific Delivery","Select and apply an appropriate delivery methodology based on requirements stability, risk, complexity, and client environment.",Advisory;Delivery Leadership,State government;Local government;Public sector;Private sector;Healthcare and insurance;Defense;Technology consulting partners,Planning;Execution;Monitoring,Waterfall;Agile;hybrid methodology;mixed methodology;delivery methodology;project lifecycle,Waterfall Agile hybrid delivery;methodology selection;client-specific delivery approach,construction project management only;event planning;clinical case management;property management,Project Manager;Program Manager;Scrum Master;Delivery Lead,Waterfall;Agile;Scrum;hybrid;custom client lifecycle;stage gates,High,Official ICM service page,https://icmsol.com/project-management,High,TRUE,
ICMSOL,"Integrated Consulting and Management Solutions, LLC",1.0.0,SF03,Project Management,ICM-PM-007,Independent Verification and Validation,"Provide objective oversight of project governance, management, requirements, design, development, testing, implementation, and operational readiness.",Independent Oversight;Assessment;Advisory,State government;Local government;Public sector,Planning;Execution;Monitoring;Testing;Deployment;Operations Readiness,IV&V;independent verification and validation;independent oversight;project assurance;quality oversight;technical oversight,independent verification and validation;IV&V services;independent project oversight,construction project management only;event planning;clinical case management;property management,IV&V Lead;IV&V Analyst;Project Management Advisor;Technical Reviewer;Quality Manager,Independent assessment;risk and issue reporting;artifact review;traceability;standards-based evaluation,High,Official ICM contract-staffing page; official ICM industries page; prior ICM capstone context,https://icmsol.com/industries,High,TRUE,A central ICM public-sector capability supported by current and prior engagements.
ICMSOL,"Integrated Consulting and Management Solutions, LLC",1.0.0,SF04,Software Testing & QA Engineering,ICM-QA-001,QA and Test Strategy,"Define testing objectives, scope, risk-based approach, environments, tools, resources, coverage, and reporting.",Advisory;Quality Engineering;Assessment,State government;Local government;Public sector;Private sector;Healthcare and insurance;Defense;Technology consulting partners,Planning;Requirements;Test Preparation,test strategy;test plan;quality assurance strategy;QA planning;test scope;risk-based testing,software test strategy;QA and test planning;quality engineering plan,manufacturing quality control only;laboratory QA;construction inspection;food quality assurance,QA Lead;Test Manager;Quality Engineer;Business Analyst,Risk-based testing;coverage planning;test governance;environment strategy;entry and exit criteria,High,Official ICM service page,https://icmsol.com/software-testing,High,TRUE,
ICMSOL,"Integrated Consulting and Management Solutions, LLC",1.0.0,SF04,Software Testing & QA Engineering,ICM-QA-002,Functional Testing,"Design and execute tests that verify application features, workflows, and user interactions against requirements.",Quality Engineering;Manual Testing;Automation,State government;Local government;Public sector;Private sector;Healthcare and insurance;Defense;Technology consulting partners,Test Design;Test Execution;Defect Resolution,functional testing;system testing;user workflow testing;requirements validation;test case execution,functional software testing;validate application requirements;end-to-end functional test,manufacturing quality control only;laboratory QA;construction inspection;food quality assurance,QA Analyst;Test Engineer;Business Analyst;Automation Engineer,Test cases;requirements traceability;manual testing;automated functional testing;defect verification,High,Official ICM service page,https://icmsol.com/software-testing,High,TRUE,
ICMSOL,"Integrated Consulting and Management Solutions, LLC",1.0.0,SF04,Software Testing & QA Engineering,ICM-QA-003,Integration and Interface Testing,"Verify that system components, APIs, interfaces, data exchanges, and external integrations operate correctly together.",Quality Engineering;Integration Testing;Automation,State government;Local government;Public sector;Private sector;Healthcare and insurance;Defense;Technology consulting partners,Integration;Test Execution;Regression,integration testing;interface testing;API testing;system integration test;data exchange validation,API integration testing;system interface testing;end-to-end integration test,manufacturing quality control only;laboratory QA;construction inspection;food quality assurance,Integration Test Engineer;QA Engineer;API Tester;Data Analyst,API testing;interface validation;data reconciliation;service virtualization;end-to-end testing,High,Official ICM service page,https://icmsol.com/software-testing,High,TRUE,
ICMSOL,"Integrated Consulting and Management Solutions, LLC",1.0.0,SF04,Software Testing & QA Engineering,ICM-QA-004,"Performance, Load, Stress, and Scalability Testing","Assess responsiveness, stability, capacity, and scalability under expected and adverse workloads.",Quality Engineering;Performance Testing,State government;Local government;Public sector;Private sector;Healthcare and insurance;Defense;Technology consulting partners,Test Planning;Performance Test;Release Readiness,performance testing;load testing;stress testing;scalability testing;capacity testing;response time,software performance and scalability testing;load and stress testing;performance benchmark,manufacturing quality control only;laboratory QA;construction inspection;food quality assurance,Performance Test Engineer;QA Engineer;Solution Architect;Technical Lead,Load models;response-time measurement;throughput;resource monitoring;capacity analysis,High,Official ICM service page,https://icmsol.com/software-testing,High,TRUE,
ICMSOL,"Integrated Consulting and Management Solutions, LLC",1.0.0,SF04,Software Testing & QA Engineering,ICM-QA-005,"Nonfunctional, Security, and Usability Testing","Evaluate nonfunctional quality attributes such as security, reliability, usability, compatibility, and resilience.",Quality Engineering;Assessment,State government;Local government;Public sector;Private sector;Healthcare and insurance;Defense;Technology consulting partners,Test Design;Test Execution;Release Readiness,nonfunctional testing;security testing;usability testing;compatibility testing;reliability testing;resilience testing,nonfunctional software testing;security and usability testing;application reliability testing,manufacturing quality control only;laboratory QA;construction inspection;food quality assurance,QA Engineer;Security Tester;Usability Analyst;Technical Lead,Nonfunctional requirements;security test coordination;usability scenarios;compatibility matrices;reliability checks,Medium,Official ICM service page,https://icmsol.com/software-testing,High,TRUE,"Security testing is limited to authorized, scoped activities."
ICMSOL,"Integrated Consulting and Management Solutions, LLC",1.0.0,SF04,Software Testing & QA Engineering,ICM-QA-006,Mobile Application Testing,"Test mobile applications across devices, operating systems, screen sizes, connectivity conditions, and supported user journeys.",Quality Engineering;Mobile Testing;Automation,State government;Local government;Public sector;Private sector;Healthcare and insurance;Defense;Technology consulting partners,Test Design;Test Execution;Regression,mobile testing;iOS testing;Android testing;cross-platform testing;device testing;mobile application QA,mobile application testing;iOS and Android QA;cross-platform mobile testing,manufacturing quality control only;laboratory QA;construction inspection;food quality assurance,Mobile Test Engineer;QA Analyst;Automation Engineer;Mobile Developer,iOS;Android;cross-platform testing;device matrix;network-condition testing,Medium,Official ICM service page,https://icmsol.com/software-testing,High,TRUE,
ICMSOL,"Integrated Consulting and Management Solutions, LLC",1.0.0,SF04,Software Testing & QA Engineering,ICM-QA-007,"Test Automation, Regression, Defect Management, and Reporting","Automate repeatable tests, execute regression suites, manage defects through closure, and report quality metrics and findings.",Quality Engineering;Automation;Reporting,State government;Local government;Public sector;Private sector;Healthcare and insurance;Defense;Technology consulting partners,Test Execution;Regression;Defect Resolution;Reporting,test automation;automated testing;regression testing;defect management;bug tracking;test reporting;quality metrics,automated regression testing;software defect management;QA metrics and reporting,manufacturing quality control only;laboratory QA;construction inspection;food quality assurance,Automation Engineer;QA Lead;Test Manager;Defect Manager,Automation frameworks;regression suites;defect lifecycle;coverage metrics;defect trends;test dashboards,High,Official ICM service page,https://icmsol.com/software-testing,High,TRUE,
ICMSOL,"Integrated Consulting and Management Solutions, LLC",1.0.0,SF05,Agile Development,ICM-AGL-001,Agile and Scrum Delivery,"Deliver technology products iteratively through cross-functional teams, short sprints, frequent feedback, and working increments.",Delivery;Implementation;Coaching,State government;Local government;Public sector;Private sector;Healthcare and insurance;Defense;Technology consulting partners,Initiation;Planning;Development;Review;Delivery,Agile development;Scrum;iterative delivery;sprint;cross-functional team;incremental delivery,Agile and Scrum delivery;iterative software development;rapid incremental delivery,agile marketing only;athletic training;general coaching without technology delivery;construction lean only,Scrum Master;Product Owner;Agile Project Manager;Developer;Business Analyst;QA Engineer,Scrum;sprints;daily standups;incremental delivery;product increments;continuous feedback,High,Official ICM service page,https://icmsol.com/agile-development,High,TRUE,
ICMSOL,"Integrated Consulting and Management Solutions, LLC",1.0.0,SF05,Agile Development,ICM-AGL-002,Product Backlog and User Story Development,"Create and prioritize product backlogs, epics, features, user stories, acceptance criteria, enhancements, and fixes.",Analysis;Product Management;Agile Delivery,State government;Local government;Public sector;Private sector;Healthcare and insurance;Defense;Technology consulting partners,Initiation;Backlog Development;Planning,product backlog;user stories;acceptance criteria;epic;feature prioritization;backlog refinement,create product backlog;develop user stories;prioritize features by business value,agile marketing only;athletic training;general coaching without technology delivery;construction lean only,Product Owner;Business Analyst;Business Systems Analyst;Scrum Master,User stories;acceptance criteria;backlog refinement;business-value prioritization,High,Official ICM service page,https://icmsol.com/agile-development,High,TRUE,
ICMSOL,"Integrated Consulting and Management Solutions, LLC",1.0.0,SF05,Agile Development,ICM-AGL-003,Sprint Planning and Scrum Facilitation,"Facilitate sprint planning, daily standups, workload commitment, impediment removal, and team coordination.",Facilitation;Delivery Management;Coaching,State government;Local government;Public sector;Private sector;Healthcare and insurance;Defense;Technology consulting partners,Sprint Planning;Development;Monitoring,sprint planning;daily standup;Scrum facilitation;Scrum Master;impediment removal;sprint commitment,facilitate sprint planning;Scrum Master services;daily stand-up facilitation,agile marketing only;athletic training;general coaching without technology delivery;construction lean only,Scrum Master;Agile Project Manager;Product Owner;Delivery Lead,Sprint goals;capacity planning;daily Scrum;impediment tracking;team facilitation,High,Official ICM service page,https://icmsol.com/agile-development,High,TRUE,
ICMSOL,"Integrated Consulting and Management Solutions, LLC",1.0.0,SF05,Agile Development,ICM-AGL-004,"Sprint Review, Retrospective, and Continuous Improvement","Demonstrate increments, gather stakeholder feedback, assess team performance, and identify practical process improvements.",Facilitation;Assessment;Coaching,State government;Local government;Public sector;Private sector;Healthcare and insurance;Defense;Technology consulting partners,Review;Retrospective;Improvement,sprint review;sprint retrospective;continuous improvement;lessons learned;stakeholder demo;Agile metrics,sprint review and retrospective;Agile continuous improvement;inspect and adapt,agile marketing only;athletic training;general coaching without technology delivery;construction lean only,Scrum Master;Product Owner;Agile Coach;Team Lead,Sprint demos;retrospectives;action items;velocity and flow review;process improvement,High,Official ICM service page,https://icmsol.com/agile-development,High,TRUE,
ICMSOL,"Integrated Consulting and Management Solutions, LLC",1.0.0,SF05,Agile Development,ICM-AGL-005,Incremental Release and Value Delivery,"Plan and deliver small, functional product increments that provide early value and enable frequent stakeholder validation.",Delivery;Implementation;Release Planning,State government;Local government;Public sector;Private sector;Healthcare and insurance;Defense;Technology consulting partners,Development;Review;Release;Feedback,incremental delivery;release planning;minimum viable product;working increment;frequent release;time to market,deliver working product increments;incremental release planning;rapid value delivery,agile marketing only;athletic training;general coaching without technology delivery;construction lean only,Product Owner;Release Manager;Scrum Master;Development Lead;QA Lead,Release planning;definition of done;increment demonstrations;feedback loops;prioritized value delivery,High,Official ICM service page,https://icmsol.com/agile-development,High,TRUE,
ICMSOL,"Integrated Consulting and Management Solutions, LLC",1.0.0,SF05,Agile Development,ICM-AGL-006,"Agile Coaching, Adoption, and Knowledge Transfer","Help organizations adopt sustainable Agile practices through role definition, training, coaching, tools, and knowledge transfer.",Advisory;Coaching;Training,State government;Local government;Public sector;Private sector;Healthcare and insurance;Defense;Technology consulting partners,Assessment;Adoption;Training;Sustainment,Agile coaching;Scrum training;Agile adoption;knowledge transfer;Agile transformation;team coaching,Agile adoption and coaching;Scrum knowledge transfer;train teams in Agile practices,agile marketing only;athletic training;general coaching without technology delivery;construction lean only,Agile Coach;Scrum Master;Trainer;Change Manager;Product Owner,Agile principles;Scrum roles;team coaching;workshops;knowledge transfer;continuous improvement,High,Official ICM service page,https://icmsol.com/agile-development,High,TRUE,
ICMSOL,"Integrated Consulting and Management Solutions, LLC",1.0.0,SF06,Organizational Change Management & Training,ICM-OCM-001,Change Impact and Readiness Assessment,"Assess how technology, process, or organizational changes affect roles, departments, stakeholders, readiness, and resistance.",Assessment;Advisory,State government;Local government;Public sector;Private sector;Healthcare and insurance;Defense;Technology consulting partners,Discovery;Impact Assessment;Readiness Assessment,change impact assessment;organizational readiness;readiness assessment;resistance assessment;change impacts,assess change impact;organizational change readiness;employee readiness assessment,clinical change management;cash management;configuration management only;organizational psychology research only,Change Manager;OCM Analyst;Business Analyst;Training Lead,Impact analysis;readiness surveys;stakeholder analysis;resistance assessment;role mapping,High,Official ICM service page,https://icmsol.com/organizational-change-management,High,TRUE,
ICMSOL,"Integrated Consulting and Management Solutions, LLC",1.0.0,SF06,Organizational Change Management & Training,ICM-OCM-002,Change Strategy and Roadmap,"Develop a tailored strategy, milestones, metrics, change-agent approach, training plan, and implementation roadmap.",Advisory;Strategy;Roadmap Development,State government;Local government;Public sector;Private sector;Healthcare and insurance;Defense;Technology consulting partners,Strategy;Planning;Implementation Preparation,change strategy;change management plan;OCM roadmap;change milestones;change metrics;change agents,organizational change strategy;change management roadmap;change implementation plan,clinical change management;cash management;configuration management only;organizational psychology research only,Change Manager;OCM Lead;Communications Lead;Training Lead;Program Manager,Change strategy;milestone planning;change-agent network;training strategy;adoption metrics,High,Official ICM service page,https://icmsol.com/organizational-change-management,High,TRUE,
ICMSOL,"Integrated Consulting and Management Solutions, LLC",1.0.0,SF06,Organizational Change Management & Training,ICM-OCM-003,Stakeholder Engagement and Change Communications,"Identify stakeholders, build support, facilitate workshops, gather feedback, and communicate objectives, benefits, and impacts.",Advisory;Facilitation;Communications,State government;Local government;Public sector;Private sector;Healthcare and insurance;Defense;Technology consulting partners,Planning;Engagement;Implementation;Sustainment,stakeholder engagement;change communication;communication plan;stakeholder workshop;change champion;buy-in,change communication plan;stakeholder engagement strategy;change champion network,clinical change management;cash management;configuration management only;organizational psychology research only,Change Manager;Communications Lead;Stakeholder Engagement Lead;Facilitator,Stakeholder mapping;workshops;communication channels;feedback loops;leadership engagement,High,Official ICM service page,https://icmsol.com/organizational-change-management,High,TRUE,
ICMSOL,"Integrated Consulting and Management Solutions, LLC",1.0.0,SF06,Organizational Change Management & Training,ICM-OCM-004,Training Needs Analysis and Training Plan,"Identify required knowledge and skills, define audiences and learning objectives, and create tailored training plans and support models.",Assessment;Training Design;Advisory,State government;Local government;Public sector;Private sector;Healthcare and insurance;Defense;Technology consulting partners,Needs Analysis;Curriculum Design;Implementation Preparation,training needs analysis;training plan;learning objectives;curriculum design;skills gap;training strategy,training needs assessment;technical training plan;role-based learning plan,clinical change management;cash management;configuration management only;organizational psychology research only,Training Lead;Instructional Designer;Change Manager;Subject Matter Expert,Audience analysis;skills-gap assessment;curriculum design;learning objectives;delivery planning,High,Official ICM service page,https://icmsol.com/organizational-change-management,High,TRUE,
ICMSOL,"Integrated Consulting and Management Solutions, LLC",1.0.0,SF06,Organizational Change Management & Training,ICM-OCM-005,Technical Training and Knowledge Transfer,"Deliver tailored training for legacy and modern technologies, new processes, systems, tools, and role-specific responsibilities.",Training;Knowledge Transfer;Implementation Support,State government;Local government;Public sector;Private sector;Healthcare and insurance;Defense;Technology consulting partners,Training;Implementation;Transition,technical training;system training;user training;knowledge transfer;legacy systems training;modern technology training,technical training delivery;system user training;technology knowledge transfer,clinical change management;cash management;configuration management only;organizational psychology research only,Technical Trainer;Instructional Designer;Subject Matter Expert;Change Manager,Instructor-led training;workshops;job aids;role-based training;train-the-trainer;knowledge transfer,High,Official ICM service page,https://icmsol.com/organizational-change-management,High,TRUE,
ICMSOL,"Integrated Consulting and Management Solutions, LLC",1.0.0,SF06,Organizational Change Management & Training,ICM-OCM-006,Adoption Monitoring and Training Effectiveness,"Track adoption, collect feedback, evaluate training effectiveness, identify barriers, and recommend corrective support.",Assessment;Monitoring;Advisory,State government;Local government;Public sector;Private sector;Healthcare and insurance;Defense;Technology consulting partners,Implementation;Adoption;Monitoring,adoption monitoring;change adoption;training effectiveness;adoption metrics;user feedback;readiness KPI,monitor user adoption;measure training effectiveness;change adoption metrics,clinical change management;cash management;configuration management only;organizational psychology research only,OCM Analyst;Training Lead;Data Analyst;Change Manager,Adoption KPIs;surveys;interviews;focus groups;training evaluation;feedback analysis,High,Official ICM service page,https://icmsol.com/organizational-change-management,High,TRUE,
ICMSOL,"Integrated Consulting and Management Solutions, LLC",1.0.0,SF06,Organizational Change Management & Training,ICM-OCM-007,Change Sustainment and Reinforcement,"Reinforce new behaviors, provide ongoing support, monitor long-term adoption, and adjust the change approach as conditions evolve.",Advisory;Support;Sustainment,State government;Local government;Public sector;Private sector;Healthcare and insurance;Defense;Technology consulting partners,Sustainment;Operations;Continuous Improvement,change sustainment;reinforcement plan;continuous support;long-term adoption;change stabilization;ongoing training,sustain organizational change;change reinforcement plan;long-term adoption support,clinical change management;cash management;configuration management only;organizational psychology research only,Change Manager;Training Lead;Operations Lead;Communications Lead,Reinforcement planning;performance monitoring;refresher training;feedback analysis;continuous support,Medium,Official ICM service page,https://icmsol.com/organizational-change-management,High,TRUE,
ICMSOL,"Integrated Consulting and Management Solutions, LLC",1.0.0,SF07,Contract Staffing,ICM-STF-001,Software Development Staffing,Provide contract software developers across modern and legacy technologies for project delivery and workforce scaling.,Contract Staffing;Staff Augmentation;Project-Based Staffing,State government;Local government;Public sector;Private sector;Healthcare and insurance;Defense;Technology consulting partners,Staffing Need;Sourcing;Screening;Onboarding;Assignment;Offboarding,software developer staffing;contract developer;JavaScript developer;.NET developer;Python developer;SQL developer;legacy developer,contract software developers;IT developer staff augmentation;temporary application developers,nursing staffing;medical staffing;warehouse staffing;construction labor;hospitality staffing,JavaScript Developer;.NET Developer;Python Developer;SQL Developer;Legacy Developer;Technical Lead,Candidate sourcing;technical interviews;practical assessments;background checks;onboarding,High,Official ICM service page,https://icmsol.com/contract-staffing,High,TRUE,
ICMSOL,"Integrated Consulting and Management Solutions, LLC",1.0.0,SF07,Contract Staffing,ICM-STF-002,Mobile Application Development Staffing,"Provide iOS, Android, and cross-platform mobile developers on a contract basis.",Contract Staffing;Staff Augmentation;Project-Based Staffing,State government;Local government;Public sector;Private sector;Healthcare and insurance;Defense;Technology consulting partners,Staffing Need;Sourcing;Screening;Onboarding;Assignment;Offboarding,mobile developer staffing;iOS developer;Android developer;cross-platform developer;mobile app contractor,contract mobile application developers;iOS and Android staffing;mobile developer staff augmentation,nursing staffing;medical staffing;warehouse staffing;construction labor;hospitality staffing,iOS Developer;Android Developer;Cross-Platform Developer;Mobile Technical Lead,Candidate sourcing;technical screening;practical assessment;onboarding;assignment support,Medium,Official ICM service page,https://icmsol.com/contract-staffing,High,TRUE,
ICMSOL,"Integrated Consulting and Management Solutions, LLC",1.0.0,SF07,Contract Staffing,ICM-STF-003,"Business, Systems, and Technical Analyst Staffing","Provide business analysts, business systems analysts, and technical analysts who connect business needs with technology delivery.",Contract Staffing;Staff Augmentation;Project-Based Staffing,State government;Local government;Public sector;Private sector;Healthcare and insurance;Defense;Technology consulting partners,Staffing Need;Sourcing;Screening;Onboarding;Assignment;Offboarding,business analyst staffing;business systems analyst;technical analyst;BSA contractor;requirements analyst,contract business analyst;business systems analyst staffing;technical analyst staff augmentation,nursing staffing;medical staffing;warehouse staffing;construction labor;hospitality staffing,Business Analyst;Business Systems Analyst;Technical Analyst;Requirements Analyst,Requirements analysis;process analysis;stakeholder facilitation;documentation;traceability,High,Official ICM service page,https://icmsol.com/contract-staffing,High,TRUE,
ICMSOL,"Integrated Consulting and Management Solutions, LLC",1.0.0,SF07,Contract Staffing,ICM-STF-004,Functional Analyst Staffing,"Provide functional analysts who elicit requirements, define business functions, and validate that solutions meet operational needs.",Contract Staffing;Staff Augmentation;Project-Based Staffing,State government;Local government;Public sector;Private sector;Healthcare and insurance;Defense;Technology consulting partners,Staffing Need;Sourcing;Screening;Onboarding;Assignment;Offboarding,functional analyst staffing;functional consultant;functional requirements;business function analyst,contract functional analyst;functional consultant staffing;functional requirements analyst,nursing staffing;medical staffing;warehouse staffing;construction labor;hospitality staffing,Functional Analyst;Functional Consultant;Business Analyst;Subject Matter Expert,Functional requirements;process design;solution validation;user acceptance support,Medium,Official ICM service page,https://icmsol.com/contract-staffing,High,TRUE,
ICMSOL,"Integrated Consulting and Management Solutions, LLC",1.0.0,SF07,Contract Staffing,ICM-STF-005,Project and Program Management Staffing,"Provide project managers, program managers, PMO leads, and project controls professionals for complex technology initiatives.",Contract Staffing;Staff Augmentation;Project-Based Staffing,State government;Local government;Public sector;Private sector;Healthcare and insurance;Defense;Technology consulting partners,Staffing Need;Sourcing;Screening;Onboarding;Assignment;Offboarding,project manager staffing;program manager staffing;PMO consultant;technical project manager;project controls,contract project manager;program management staff augmentation;PMO staffing,nursing staffing;medical staffing;warehouse staffing;construction labor;hospitality staffing,Project Manager;Program Manager;PMO Lead;Project Controls Analyst;Scheduler,Project planning;governance;schedule;budget;risk;status reporting;stakeholder management,High,Official ICM service page,https://icmsol.com/contract-staffing,High,TRUE,
ICMSOL,"Integrated Consulting and Management Solutions, LLC",1.0.0,SF07,Contract Staffing,ICM-STF-006,QA and Testing Staffing,"Provide manual testers, automation engineers, QA analysts, test leads, and performance testers.",Contract Staffing;Staff Augmentation;Project-Based Staffing,State government;Local government;Public sector;Private sector;Healthcare and insurance;Defense;Technology consulting partners,Staffing Need;Sourcing;Screening;Onboarding;Assignment;Offboarding,QA staffing;software tester staffing;test engineer;automation engineer;manual tester;performance tester,contract QA professionals;software testing staff augmentation;test automation staffing,nursing staffing;medical staffing;warehouse staffing;construction labor;hospitality staffing,QA Analyst;Test Engineer;Automation Engineer;Test Lead;Performance Tester,Manual testing;automation;regression;defect management;performance testing;test reporting,High,Official ICM service page,https://icmsol.com/contract-staffing,High,TRUE,
ICMSOL,"Integrated Consulting and Management Solutions, LLC",1.0.0,SF07,Contract Staffing,ICM-STF-007,IV&V and Independent Oversight Staffing,Provide IV&V specialists and independent project-assurance professionals for objective public-sector oversight.,Contract Staffing;Staff Augmentation;Project-Based Staffing,State government;Local government;Public sector,Staffing Need;Sourcing;Screening;Onboarding;Assignment;Offboarding,IV&V staffing;independent verification and validation specialist;independent oversight consultant;project assurance staffing,contract IV&V specialist;independent oversight staffing;IV&V staff augmentation,nursing staffing;medical staffing;warehouse staffing;construction labor;hospitality staffing,IV&V Lead;IV&V Analyst;Technical Reviewer;Project Management Advisor;Quality Manager,Independent assessment;artifact review;risk reporting;traceability;project assurance,High,Official ICM service page; official ICM industries page; prior ICM capstone context,https://icmsol.com/contract-staffing,High,TRUE,
ICMSOL,"Integrated Consulting and Management Solutions, LLC",1.0.0,SF08,Procurement,ICM-PRC-001,Procurement Needs Assessment,"Define procurement objectives, stakeholder needs, technical requirements, constraints, budget considerations, and desired outcomes.",Advisory;Procurement Support,State government;Local government;Public sector;Private sector,Needs Assessment;Planning,procurement needs assessment;acquisition requirements;procurement objectives;stakeholder requirements;procurement constraints,IT procurement needs assessment;define acquisition requirements;procurement requirements analysis,commodity resale only;office supplies only;construction materials only;personal shopping;consumer purchasing,Procurement Manager;Business Analyst;Technical Advisor;Project Manager,Stakeholder interviews;requirements definition;constraint analysis;objective alignment,High,Official ICM service page,https://icmsol.com/procurement,High,TRUE,
ICMSOL,"Integrated Consulting and Management Solutions, LLC",1.0.0,SF08,Procurement,ICM-PRC-002,Procurement Strategy Development,"Develop acquisition strategies, timelines, milestones, sourcing approaches, evaluation methods, and procurement roadmaps for IT services, products, and tools.",Advisory;Strategy;Procurement Support,State government;Local government;Public sector;Private sector,Planning;Strategy;Sourcing,procurement strategy;acquisition strategy;sourcing strategy;procurement roadmap;IT acquisition planning,IT procurement strategy;technology acquisition roadmap;procurement strategy development,commodity resale only;office supplies only;construction materials only;personal shopping;consumer purchasing,Procurement Manager;Acquisition Advisor;Technical Advisor;Project Manager,Sourcing options;market approach;timeline;milestones;best practices;governance,High,Official ICM service page,https://icmsol.com/procurement,High,TRUE,
ICMSOL,"Integrated Consulting and Management Solutions, LLC",1.0.0,SF08,Procurement,ICM-PRC-003,Market Research and Vendor Analysis,"Research vendors, services, products, tools, and cloud solutions to identify options aligned with requirements and objectives.",Market Research;Advisory;Procurement Support,State government;Local government;Public sector;Private sector,Market Research;Sourcing;Evaluation,market research;vendor research;vendor analysis;solution analysis;cloud technology evaluation;industry analysis,procurement market research;vendor and solution analysis;cloud solution evaluation,commodity resale only;office supplies only;construction materials only;personal shopping;consumer purchasing,Procurement Analyst;Market Research Analyst;Cloud Advisor;Technical Advisor,Vendor identification;solution comparison;market scan;cloud evaluation;capability analysis,High,Official ICM service page,https://icmsol.com/procurement,High,TRUE,
ICMSOL,"Integrated Consulting and Management Solutions, LLC",1.0.0,SF08,Procurement,ICM-PRC-004,RFP and RFQ Preparation,"Develop clear solicitation specifications, requirements, evaluation criteria, instructions, and stakeholder-reviewed procurement documents.",Procurement Support;Document Development;Advisory,State government;Local government;Public sector;Private sector,Solicitation Development;Review,RFP preparation;RFQ preparation;RFP development;RFQ development;solicitation development;solicitation drafting;evaluation criteria,prepare RFP;develop RFQ;write solicitation requirements and evaluation criteria,commodity resale only;office supplies only;construction materials only;personal shopping;consumer purchasing,Procurement Manager;Business Analyst;Technical Writer;Subject Matter Expert,Requirements drafting;specifications;evaluation metrics;stakeholder review;document quality assurance,High,Official ICM service page,https://icmsol.com/procurement,High,TRUE,
ICMSOL,"Integrated Consulting and Management Solutions, LLC",1.0.0,SF08,Procurement,ICM-PRC-005,Bid and Proposal Response Support,"Help businesses interpret procurement requests, organize resources, draft compelling responses, review compliance, and improve response quality.",Bid Support;Proposal Development;Review,Small business;Technology consulting partners;Private sector;Public-sector bidders,Opportunity Review;Response Development;Quality Review;Submission Preparation,bid support;proposal response;RFP response;solicitation response;proposal writing;compliance matrix;response review,write RFP response;public-sector bid support;proposal response development,commodity resale only;office supplies only;construction materials only;personal shopping;consumer purchasing,Proposal Manager;Capture Manager;Technical Writer;Business Development Lead;Subject Matter Expert,Compliance matrix;response outline;strengths and qualifications;resource planning;quality review;red-team review,High,Official ICM service page,https://icmsol.com/procurement,High,TRUE,
ICMSOL,"Integrated Consulting and Management Solutions, LLC",1.0.0,SF08,Procurement,ICM-PRC-006,Contract Vehicle Strategy and Utilization,"Identify and leverage appropriate contract vehicles to streamline acquisition or participation, including California Small Business, CMAS, and MSA mechanisms.",Advisory;Procurement Support;Business Development,State government;Local government;California public sector;Small business,Strategy;Sourcing;Opportunity Review,contract vehicle;CMAS;MSA;California Small Business;master service agreement;cooperative agreement;procurement vehicle,contract vehicle utilization;CMAS opportunity;California Small Business contract;MSA procurement,commodity resale only;office supplies only;construction materials only;personal shopping;consumer purchasing,Procurement Manager;Business Development Lead;Contracts Specialist;Proposal Manager,Vehicle eligibility review;procurement-path analysis;partnering;contract-vehicle mapping,High,Official ICM service page,https://icmsol.com/procurement,High,TRUE,The system may recommend review of a vehicle; final eligibility and use remain human determinations.
ICMSOL,"Integrated Consulting and Management Solutions, LLC",1.0.0,SF08,Procurement,ICM-PRC-007,"Evaluation, Selection, Negotiation, Award, and Vendor Management Support","Support evaluation of responses, vendor selection, negotiation preparation, award activities, compliance checks, and ongoing vendor-management processes.",Advisory;Procurement Support;Evaluation,State government;Local government;Public sector;Private sector,Evaluation;Selection;Negotiation;Award;Vendor Management,proposal evaluation;vendor selection;contract negotiation;contract award;vendor management;procurement compliance;source selection,evaluate vendor proposals;contract negotiation support;vendor selection and award,commodity resale only;office supplies only;construction materials only;personal shopping;consumer purchasing,Procurement Manager;Evaluation Lead;Contracts Specialist;Technical Advisor;Project Manager,Evaluation criteria;scoring support;due diligence;negotiation preparation;award support;vendor performance monitoring,Medium,Official ICM service page,https://icmsol.com/procurement,High,TRUE,"Final selection, negotiation position, award, and compliance decisions remain with authorized humans."
