risk_id,risk_statement,risk_consequence,control_id,control_name,control_types,trigger,action,human_route,test_scenario
R-001,"If the workflow starts without a valid fixed safeguard policy, controls may be skipped or inconsistently applied.","Unsupported recommendations, privacy failures, untraceable actions, or unauthorized decisions could occur.",SG-001,Safeguard policy schema and startup validation,preventive; detective,"The safeguard policy is absent, unreadable, schema-invalid, or version-inconsistent.",fail_closed,Technical Reviewer,SCN-SG-001
R-002,"If an organization profile can weaken safeguards, portability could create unsafe or inconsistent behavior.","A business user could disable human review, evidence requirements, audit logging, or external-action restrictions.",SG-002,Organization safeguard override rejection,preventive; detective; escalation,A profile or case request includes a prohibited override key or conflicts with a fixed control.,fail_closed,Executive Authority,SCN-SG-002
R-003,"If linked configuration is missing or inconsistent, different components may apply incompatible business logic.","Recommendations could be based on incomplete services, wrong reviewer roles, or stale thresholds.",SG-003,Versioned configuration referential integrity,preventive; detective,"A profile-linked service, rules, staffing, reviewer, threshold, or schema file is absent or invalid.",fail_closed,Organization Profile Owner,SCN-SG-003
R-004,"If unapproved sources are processed, the system may violate privacy, confidentiality, licensing, or data-governance constraints.",Restricted or unauthorized information could be persisted or used in recommendations.,SG-004,Approved-source gate,preventive; detective,A source lacks an approved-for-use flag or approval basis.,block,Data or Privacy Reviewer,SCN-SG-004
R-005,"If sources cannot be reproduced, evaluation and recommendations may rely on undocumented content changes.",Reviewers could be unable to reconstruct why a recommendation was made.,SG-005,Source checksum and immutable snapshot requirement,preventive; detective; disclosure,A source checksum is missing or the retrieved source no longer matches the approved version.,defer,Data Reviewer,SCN-SG-005
R-006,"If sensitive data is retained, the repository or audit trail may expose protected information.","Privacy, security, contractual, and reputational harm could result.",SG-006,Sensitive-data detection and redaction,preventive; detective; corrective; escalation,Input or generated output contains prohibited sensitive data.,redact_and_escalate,Security or Privacy Reviewer,SCN-SG-006
R-007,"If credentials are committed or logged, unauthorized access to external systems may occur.","Accounts, data, or paid services could be compromised.",SG-007,Secret and credential blocking,preventive; detective,"A credential-like value is detected in input, configuration, output, or audit content.",block,Technical or Security Reviewer,SCN-SG-007
R-008,"If source text can alter system behavior, a solicitation or document could bypass fixed controls.","The system might expose data, fabricate authority, or execute prohibited behavior.",SG-008,Untrusted-source instruction isolation,preventive; detective; disclosure,"Source text asks the system to ignore rules, reveal secrets, change tools, use new sources, or take an action.",block,Security Reviewer,SCN-SG-008
R-009,"If sparse opportunity data is treated as complete, the system may overstate service alignment.",Time and resources could be spent on opportunities that are outside scope or ineligible.,SG-009,Insufficient structured-input abstention,preventive; detective; disclosure,"Required title, description, scope, or qualification information is absent or materially ambiguous.",abstain,Opportunity Analyst,SCN-SG-009
R-010,"If historical counts are presented as predictive, reviewers may overestimate pursuit success or organizational capacity.",The final decision could rely on statistically unsupported claims.,SG-010,Descriptive-history nonprediction control,preventive; detective; disclosure,A request or output converts descriptive historical context into a predictive or capacity claim.,block,Business Development Reviewer,SCN-SG-010
R-011,"If incompatible model assets are used, labels or probabilities may be silently incorrect.",Incorrect reviewer routing and false confidence could result.,SG-011,Project 4 package integrity validation,preventive; detective,"A model package file is missing, incompatible, or fails checksum or load validation.",fail_closed,Technical Reviewer,SCN-SG-011
R-012,"If low-confidence predictions are treated as reliable, reviewers may be routed incorrectly.",Material clauses may receive inadequate or delayed specialist review.,SG-012,Fixed model-confidence abstention threshold,preventive; detective; escalation; disclosure,Maximum class probability is below 0.80.,abstain,Contracts or Legal Reviewer,SCN-SG-012
R-013,"If domain shift is hidden, high-confidence errors may be mistaken for reliable legal classification.",Reviewers may miss critical public-sector terms or apply the wrong expertise.,SG-013,Model domain-shift escalation,detective; escalation; disclosure,"The passage type, vocabulary, or context materially differs from the supported training domain.",escalate,Contracts or Legal Reviewer,SCN-SG-013
R-014,"If truncation is undisclosed, the classifier may omit exceptions or qualifiers later in a clause.",The theme and review priority could be misleading.,SG-014,Sequence truncation disclosure,detective; disclosure; escalation,A passage exceeds the supported 256-token input length.,warn,Contracts Reviewer,SCN-SG-014
R-015,"If unvalidated corpus content is treated as authoritative, citations may be wrong or outdated.",The system could misstate regulatory or contractual evidence.,SG-015,Approved official-corpus gate,preventive; detective,"The official corpus lacks approved version, checksum, metadata validation, or representative retrieval tests.",fail_closed,Data or Contracts Reviewer,SCN-SG-015
R-016,"If semantic similarity silently replaces an exact citation, the system may cite the wrong authority.",A reviewer could rely on a materially different clause or requirement.,SG-016,Exact citation precedence and missing-citation abstention,preventive; detective; disclosure,A supplied citation is missing or exact metadata does not match.,abstain,Contract Analyst,SCN-SG-016
R-017,"If stale evidence is used, recommendations may conflict with current requirements.",The organization could pursue or accept terms based on superseded authority.,SG-017,Evidence freshness and source-version gate,detective; corrective; disclosure,"Evidence is stale, the source version changed, or freshness is unknown for a material claim.",defer,Contract or Data Reviewer,SCN-SG-017
R-018,"If weak evidence supports a directional recommendation, the system may create false certainty.",Human reviewers may accept an unsupported pursuit or contract posture.,SG-018,Minimum relevance and sufficiency threshold,preventive; detective; disclosure,Evidence relevance is below 0.60 or directional sufficiency is below 0.70.,abstain,Opportunity or Contract Analyst,SCN-SG-018
R-019,"If conflicts are suppressed, the recommendation may present a one-sided conclusion.",The final human decision may overlook material contractual or regulatory uncertainty.,SG-019,Material-conflict escalation,detective; escalation; disclosure,Two or more validated evidence items materially conflict.,escalate,Qualified Specialist,SCN-SG-019
R-020,"If counterevidence is omitted, reviewers may receive a biased pursuit recommendation.",The organization could commit resources without understanding disqualifiers or material risks.,SG-020,Counterevidence completeness gate,preventive; detective; disclosure,Known counterevidence exists but is absent from the recommendation packet.,fail_closed,Business Development or Specialist Reviewer,SCN-SG-020
R-021,"If incomplete recommendations reach humans, limitations and required reviews may be hidden.",A human may treat a partial advisory output as a complete decision basis.,SG-021,Recommendation schema and completeness gate,preventive; detective,The recommendation fails the required JSON Schema or packet completeness checks.,fail_closed,Technical Reviewer,SCN-SG-021
R-022,"If unsupported claims are allowed, plausible language may be mistaken for evidence.","The system could hallucinate qualifications, requirements, or risk conclusions.",SG-022,Evidence-linked claim enforcement,preventive; detective,"A material recommendation claim lacks a recorded source, rule, model artifact, or validated evidence reference.",fail_closed,Opportunity Analyst,SCN-SG-022
R-023,"If the system speaks with organizational authority, users may bypass human governance.","Proposals, staffing, pricing, or contract positions could be treated as approved when they are not.",SG-023,Nonbinding language enforcement,preventive; detective; disclosure,"Recommendation text contains binding approval, authorization, acceptance, or final-decision language.",block,Business Development or Executive Reviewer,SCN-SG-023
R-024,"If finalization can occur without authorized human review, the recommendation becomes an autonomous decision.",The organization may incur commitments or risks without accountable approval.,SG-024,Authorized human final-disposition requirement,preventive; detective; escalation,A case attempts to reach finalized status without an authorized human disposition and rationale.,defer,Executive Authority,SCN-SG-024
R-025,"If high-consequence issues remain with a general reviewer, material expertise may be absent.","Legal, privacy, security, financial, staffing, or contract risks could be mishandled.",SG-025,Mandatory specialist-review routing,preventive; detective; escalation,A mandatory review trigger is present.,escalate,Configured Qualified Specialist,SCN-SG-025
R-026,"If the framework can perform external actions, an incorrect recommendation could create real commitments.","The system could submit a bid, send a message, accept terms, or incur financial and staffing obligations.",SG-026,Autonomous external-action prohibition,preventive; detective; escalation,"A user, source, model, or tool requests an external write or commitment action.",block,Authorized Human Decision Maker,SCN-SG-026
R-027,"If audit events are malformed or sensitive, traceability may be incomplete or unsafe.","Reviewers may be unable to reconstruct actions, or protected data may be exposed.",SG-027,"Audit schema, sanitization, and hash-chain validation",preventive; detective,"An event fails schema, sanitization, event-hash, or previous-hash validation.",fail_closed,Technical Reviewer,SCN-SG-027
R-028,"If processing continues without audit persistence, outputs become untraceable.",A recommendation or human action could exist without reproducible evidence.,SG-028,Audit persistence fail-closed control,preventive; detective; corrective,Audit persistence fails after the single permitted retry.,fail_closed,Technical Reviewer,SCN-SG-028
R-029,"If failures trigger unbounded retries, execution may become nondeterministic, costly, or misleading.","The workflow could hang, duplicate events, or produce inconsistent results.",SG-029,Bounded retry and deterministic fallback,preventive; detective; corrective,A retryable tool failure occurs or the retry count exceeds one.,fail_closed,Technical Reviewer,SCN-SG-029
R-030,"If the prototype is represented as production-ready, users may deploy it without required governance.","Security, legal, privacy, records, model, and operational controls may be absent.",SG-030,Production-readiness and deployment-boundary disclosure,preventive; detective; disclosure,"Documentation or output claims production readiness, legal sufficiency, or operational authorization.",block,Project Owner,SCN-SG-030
