finding_id,severity,category,scope,summary,evidence,remediation,status
F-001,Critical,Executable validation,P3-03 validator,The committed frozen-set validator cannot run because it points to data/scenarios/frozen/1.0.0 while the package stores cases under v1.0.0.,"Traceback (most recent call last):
  File ""/mnt/data/p3_04_review_workspace/p3_03/tests/validate_frozen_scenario_set.py"", line 149, in <module>
    main()
    ~~~~^^
  File ""/mnt/data/p3_04_review_workspace/p3_03/tests/validate_frozen_scenario_set.py"", line 69, in main
    for path in SCENARIO_ROOT.iterdir()
                ~~~~~~~~~~~~~~~~~~~~~^^
  File ""/usr/lib/python3.13/pathlib/_local.py"", line 577, in iterdir
    with os.scandir(root_dir) as scandir_it:
         ~~~~~~~~~~^^^^^^^^^^
FileNotFoundError: [Errno 2] No such file or directory: '/mnt/data/p3_04_review_workspace/p3_03/data/scenarios/frozen/1.0.0'","Correct SCENARIO_ROOT to v1.0.0, rerun from a clean directory, and refresh validation evidence.",Open
F-002,Major,Checksum integrity,Package checksum inventory,The package checksum inventory is incomplete and was generated before later documentation and validation files.,"declared=218; actual=222; missing=['docs/Frozen_Scenario_Set_and_Evaluator_Guide.md', 'docs/P3_03_Frozen_Scenario_Set_Manifest.json', 'tests/frozen_scenario_examples/invalid_frozen_case_manifest.json', 'tests/validate_frozen_scenario_set.py']; extra=[]",Regenerate the checksum inventory after all package files exist and verify every listed hash and byte count.,Open
F-004,Critical,Shared data-contract compliance,All frozen cases,"All 19 opportunity.json fixtures fail the committed shared schema, so the frozen inputs cannot be passed directly to the registered components.","[('TC-01', 9, ""Additional properties are not allowed ('due_date', 'published_date', 'retrieved_at_utc', 'source_name', 'source_record_id', 'source_type', 'source_url', 'synthetic_fixture' were unexpected)""), ('TC-02', 9, ""Additional properties are not allowed ('due_date', 'published_date', 'retrieved_at_utc', 'source_name', 'source_record_id', 'source_type', 'source_url', 'synthetic_fixture' were unexpected)""), ('TC-03', 9, ""Additional properties are not allowed ('due_date', 'published_date', 'retrieved_at_utc', 'source_name', 'source_record_id', 'source_type', 'source_url', 'synthetic_fixture' were unexpected)""), ('TC-04', 9, ""Additional properties are not allowed ('due_date', 'published_date', 'retrieved_at_utc', 'source_name', 'source_record_id', 'source_type', 'source_url', 'synthetic_fixture' were unexpected)""), ('TC-05', 9, ""Additional properties are not allowed ('due_date', 'published_date', 'retrieved_at_utc', 'source_name', 'source_record_id', 'source_type', 'source_url', 'synthetic_fixture' were unexpected)"")]","Rebuild opportunity.json fixtures to conform to opportunity_record.schema.json; for not-reached human decisions, use an explicit wrapper/schema rather than an invalid human-disposition record.",Open
F-005,Critical,Shared data-contract compliance,All frozen cases,"All 19 human_disposition.json fixtures fail the committed shared schema, so the frozen inputs cannot be passed directly to the registered components.","[('TC-01', 9, ""Additional properties are not allowed ('decision', 'recorded_at_utc', 'reviewer_authorized', 'reviewer_role' were unexpected)""), ('TC-02', 8, ""Additional properties are not allowed ('decision', 'recorded_at_utc', 'reviewer_authorized', 'reviewer_role' were unexpected)""), ('TC-03', 9, ""Additional properties are not allowed ('decision', 'recorded_at_utc', 'reviewer_authorized', 'reviewer_role' were unexpected)""), ('TC-04', 10, ""Additional properties are not allowed ('decision', 'recorded_at_utc', 'reviewer_authorized', 'reviewer_role' were unexpected)""), ('TC-05', 9, ""Additional properties are not allowed ('decision', 'recorded_at_utc', 'reviewer_authorized', 'reviewer_role' were unexpected)"")]","Rebuild human_disposition.json fixtures to conform to human_disposition.schema.json; for not-reached human decisions, use an explicit wrapper/schema rather than an invalid human-disposition record.",Open
F-006,Critical,Expected-outcome coherence,Human-disposition fixtures,Several frozen human decisions contradict the exact expected terminal outcomes.,"[('TC-06', 'defer_pending_information', 'escalated'), ('TC-09', 'defer_pending_information', 'no_recommendation'), ('TC-11', 'defer_pending_information', 'escalated'), ('TC-12', 'defer_pending_information', 'no_recommendation'), ('TC-17', 'accept', 'finalized_reject')]","Use schema-valid reject/escalate/defer dispositions that agree with each case target, and validate this relationship automatically.",Open
F-007,Critical,Architecture consistency,"TC-04, TC-09, TC-12",no_recommendation is modeled as a terminal case outcome even though the orchestration policy and integrated case-state schema treat it as a recommendation result followed by human defer/escalate/reject/accept disposition.,"orchestration terminal states=['deferred', 'escalated', 'failed_closed', 'finalized']; cases=['TC-04', 'TC-09', 'TC-12']","Separate recommendation_code=no_recommendation from case_status/terminal_outcome. Give each case an authorized human terminal disposition, normally deferred pending information.",Open
F-008,Major,Evaluator contract,All 192 assertions,"Assertion JSONPaths such as $.case_state.terminal_outcome, $.side_effects, and $.claims have no committed evaluation-result schema, so implementers cannot know the canonical actual-output shape.","committed P3-03 schemas=['expected_case_outcome.schema.json', 'frozen_case_manifest.schema.json']","Add a scenario_evaluation_result schema containing case-state, audit, routing, artifacts, claims, side effects, timings, and assertion results; validate every JSONPath against that contract.",Open
F-009,Major,Scenario realism,TC-01,"The case expects the real Project 4 model to predict Audit Rights above 0.95, but the frozen source passage is a general services/governance excerpt rather than an audit-rights clause.","synthetic solicitation excerpt

the contractor shall provide enterprise information technology strategy,
program and project management, systems integration support, agile delivery
coordination, organizational change management, and technical training.

the agency requires documented governance, qualified personnel, evidence of
similar public-sector engagements, and a transition plan. final decisions,
legal interpretations, staffing commitments, and pricing approvals remain
the responsibility of authorized human officials.
","Use the exact validated smoke-test passage or a clearly audit-rights-focused synthetic passage, or replace the expected label with a controlled model fixture.",Open
F-010,Minor,Traceability,Stage identifiers,P3 scenarios use STG-01 through STG-12 while orchestration policy uses descriptive IDs such as load_configuration; no machine-readable mapping is committed.,P3 expected_primary_stage values are STG-xx; P2-03 orchestration stage_id values are descriptive.,Add a stage-identifier mapping and validate both identifiers in evaluator results.,Open
