finding_id,severity,summary,resolution_status,resolution,validation_evidence
F-001,Critical,The committed frozen-set validator cannot run because it points to data/scenarios/frozen/1.0.0 while the package stores cases under v1.0.0.,Resolved,Validator root now points to data/scenarios/frozen/v1.0.1 and executes from a clean extraction.,tests/validate_frozen_scenario_set.py and audit/P3_04_v1_0_1_Validation_Evidence.json
F-002,Major,The package checksum inventory is incomplete and was generated before later documentation and validation files.,Resolved,Package checksum inventory is generated after every other file and intentionally excludes only itself.,tests/validate_frozen_scenario_set.py and audit/P3_04_v1_0_1_Validation_Evidence.json
F-004,Critical,"All 19 opportunity.json fixtures fail the committed shared schema, so the frozen inputs cannot be passed directly to the registered components.",Resolved,All 19 opportunity fixtures conform to opportunity_record.schema.json.,tests/validate_frozen_scenario_set.py and audit/P3_04_v1_0_1_Validation_Evidence.json
F-005,Critical,"All 19 human_disposition.json fixtures fail the committed shared schema, so the frozen inputs cannot be passed directly to the registered components.",Resolved,All 19 human fixtures conform to a committed wrapper schema; reached dispositions validate against human_disposition.schema.json.,tests/validate_frozen_scenario_set.py and audit/P3_04_v1_0_1_Validation_Evidence.json
F-006,Critical,Several frozen human decisions contradict the exact expected terminal outcomes.,Resolved,"TC-06 and TC-11 escalate, TC-17 rejects, and deferred cases contain matching defer dispositions.",tests/validate_frozen_scenario_set.py and audit/P3_04_v1_0_1_Validation_Evidence.json
F-007,Critical,no_recommendation is modeled as a terminal case outcome even though the orchestration policy and integrated case-state schema treat it as a recommendation result followed by human defer/escalate/reject/accept disposition.,Resolved,"No Recommendation is modeled as R-06 while TC-04, TC-09, and TC-12 terminate as human-deferred cases.",tests/validate_frozen_scenario_set.py and audit/P3_04_v1_0_1_Validation_Evidence.json
F-008,Major,"Assertion JSONPaths such as $.case_state.terminal_outcome, $.side_effects, and $.claims have no committed evaluation-result schema, so implementers cannot know the canonical actual-output shape.",Resolved,scenario_evaluation_result.schema.json defines every assertion target object.,tests/validate_frozen_scenario_set.py and audit/P3_04_v1_0_1_Validation_Evidence.json
F-009,Major,"The case expects the real Project 4 model to predict Audit Rights above 0.95, but the frozen source passage is a general services/governance excerpt rather than an audit-rights clause.",Resolved,TC-01 and TC-02 use an audit-rights-focused synthetic passage and controlled model output instead of an unsupported live expectation.,tests/validate_frozen_scenario_set.py and audit/P3_04_v1_0_1_Validation_Evidence.json
F-010,Minor,P3 scenarios use STG-01 through STG-12 while orchestration policy uses descriptive IDs such as load_configuration; no machine-readable mapping is committed.,Resolved,stage_identifier_mapping.json maps STG-01 through STG-12 to orchestration stage and component IDs.,tests/validate_frozen_scenario_set.py and audit/P3_04_v1_0_1_Validation_Evidence.json
